seed	canonical_worst_platoon	canonical_net_mean	mean_AoI_last100	mean_power_dBm	mean_power_mW
2	0.135300	0.116680	4.404947	11.072460	155.057019
3	0.157700	0.120200	4.688107	15.173540	230.234413
4	0.109500	0.100600	4.425320	9.865820	136.175743
5	0.109600	0.100900	4.332496	7.480480	114.606599
6	0.136800	0.108720	4.375887	8.270920	139.873733
7	0.227300	0.137900	4.684938	10.640580	156.241371
